timestamp	distance_cm	rssi_dbm
2026-06-24T19:07:16.610837	119.0	-76.5
2026-06-24T19:07:16.611031	101.0	-79.5
2026-06-24T19:07:16.611121	106.0	-76.5
2026-06-24T19:07:16.611196	148.0	-77.5
2026-06-24T19:07:16.611268	126.0	-77.0
2026-06-24T19:07:16.611336	93.0	-78.0
2026-06-24T19:07:16.611406	92.0	-77.5
2026-06-24T19:07:16.611478	104.0	-77.0
2026-06-24T19:07:16.611616	107.0	-77.5
2026-06-24T19:07:16.611693	87.0	-77.0
2026-06-24T19:07:16.611760	92.0	-77.0
2026-06-24T19:07:16.611827	97.0	-79.0
2026-06-24T19:07:25.621908	105.0	-79.5
2026-06-24T19:07:25.622048	164.0	-80.5
2026-06-24T19:07:25.622126	121.0	-81.0
2026-06-24T19:07:25.622198	114.0	-81.0
2026-06-24T19:07:25.622267	116.0	-80.0
2026-06-24T19:07:25.622336	116.0	-81.0
2026-06-24T19:07:25.622404	166.0	-81.5
2026-06-24T19:07:25.622473	169.0	-81.0
2026-06-24T19:07:25.622541	126.0	-81.5
2026-06-24T19:07:25.622611	130.0	-81.5
2026-06-24T19:07:25.622679	136.0	-81.5
2026-06-24T19:07:34.692426	170.0	-82.0
2026-06-24T19:07:34.692487	198.0	-81.0
2026-06-24T19:07:34.692520	198.0	-81.0
2026-06-24T19:07:34.692549	211.0	-82.0
2026-06-24T19:07:34.692577	214.0	-81.5
2026-06-24T19:07:34.692612	196.0	-82.0
2026-06-24T19:07:34.692639	198.0	-81.0
2026-06-24T19:07:34.692665	213.0	-81.5
2026-06-24T19:07:34.692693	189.0	-82.0
2026-06-24T19:07:34.692720	171.0	-82.0
2026-06-24T19:07:34.692746	181.0	-82.0
2026-06-24T19:07:34.692772	187.0	-82.0
2026-06-24T19:07:43.746659	107.0	-81.5
2026-06-24T19:07:43.746794	117.0	-81.5
2026-06-24T19:07:43.746881	114.0	-80.0
2026-06-24T19:07:43.746955	105.0	-81.0
2026-06-24T19:07:43.747024	112.0	-79.5
2026-06-24T19:07:43.747096	117.0	-80.0
2026-06-24T19:07:43.747162	122.0	-80.5
2026-06-24T19:07:43.747231	118.0	-80.0
2026-06-24T19:07:43.747298	112.0	-81.0
2026-06-24T19:07:43.747366	119.0	-81.0
2026-06-24T19:07:43.747432	114.0	-81.0
2026-06-24T19:07:43.747497	114.0	-80.5
2026-06-24T19:07:52.822926	133.0	-82.0
2026-06-24T19:07:52.822986	123.0	-82.5
2026-06-24T19:07:52.823027	128.0	-82.5
2026-06-24T19:07:52.823058	130.0	-82.5
2026-06-24T19:07:52.823087	130.0	-82.5
2026-06-24T19:07:52.823116	127.0	-82.5
2026-06-24T19:07:52.823144	130.0	-82.5
2026-06-24T19:07:52.823173	124.0	-82.5
2026-06-24T19:07:52.823200	121.0	-82.0
2026-06-24T19:07:52.823227	149.0	-82.5
2026-06-24T19:07:52.823254	103.0	-83.5
2026-06-24T19:07:52.823282	157.0	-83.5
2026-06-24T19:08:01.850322	135.0	-82.5
2026-06-24T19:08:01.850454	138.0	-82.5
2026-06-24T19:08:01.850542	134.0	-83.0
2026-06-24T19:08:01.850615	138.0	-83.0
2026-06-24T19:08:01.850685	140.0	-83.0
2026-06-24T19:08:01.850753	139.0	-82.5
2026-06-24T19:08:01.850824	134.0	-83.0
2026-06-24T19:08:01.850891	131.0	-83.0
2026-06-24T19:08:01.850958	136.0	-83.0
2026-06-24T19:08:01.851025	139.0	-82.0
2026-06-24T19:08:01.851091	135.0	-82.0
2026-06-24T19:08:01.851158	132.0	-82.5
2026-06-24T19:08:10.844599	49.0	-65.0
2026-06-24T19:08:10.844661	30.0	-67.5
2026-06-24T19:08:10.844701	31.0	-67.0
2026-06-24T19:08:10.844730	35.0	-65.5
2026-06-24T19:08:10.844759	35.0	-66.0
2026-06-24T19:08:10.844786	38.0	-66.0
2026-06-24T19:08:10.844814	30.0	-67.0
2026-06-24T19:08:10.844840	29.0	-68.0
2026-06-24T19:08:10.844867	33.0	-65.5
2026-06-24T19:08:10.844895	31.0	-65.5
2026-06-24T19:08:10.844922	28.0	-67.5
2026-06-24T19:08:10.844949	35.0	-65.5
2026-06-24T19:08:19.912192	22.0	-67.5
2026-06-24T19:08:19.912322	30.0	-67.0
2026-06-24T19:08:19.912408	28.0	-66.5
2026-06-24T19:08:19.912483	31.0	-68.0
2026-06-24T19:08:19.912554	33.0	-67.5
2026-06-24T19:08:19.912626	28.0	-67.5
2026-06-24T19:08:19.912697	32.0	-67.5
2026-06-24T19:08:19.912766	31.0	-68.5
2026-06-24T19:08:19.912836	34.0	-70.0
2026-06-24T19:08:19.912903	31.0	-69.5
2026-06-24T19:08:19.912969	32.0	-68.0
2026-06-24T19:08:19.913035	29.0	-69.0
2026-06-24T19:08:29.009268	27.0	-69.5
2026-06-24T19:08:29.009399	27.0	-66.5
2026-06-24T19:08:29.009486	28.0	-66.0
2026-06-24T19:08:29.009557	24.0	-68.5
2026-06-24T19:08:29.009627	27.0	-68.5
2026-06-24T19:08:29.009697	30.0	-67.5
2026-06-24T19:08:29.009766	27.0	-68.5
2026-06-24T19:08:29.009835	25.0	-68.5
2026-06-24T19:08:29.009905	27.0	-69.0
2026-06-24T19:08:29.009970	29.0	-67.0
2026-06-24T19:08:29.010037	30.0	-66.5
2026-06-24T19:08:29.010105	21.0	-68.5
2026-06-24T19:08:37.971432	27.0	-67.0
2026-06-24T19:08:37.971494	21.0	-70.0
2026-06-24T19:08:37.971580	48.0	-67.0
2026-06-24T19:08:37.971613	43.0	-66.0
2026-06-24T19:08:37.971641	44.0	-63.5
2026-06-24T19:08:37.971674	40.0	-63.5
2026-06-24T19:08:37.971703	40.0	-64.0
2026-06-24T19:08:37.971730	40.0	-61.0
2026-06-24T19:08:37.971757	39.0	-63.0
2026-06-24T19:08:37.971784	47.0	-62.0
2026-06-24T19:08:37.971810	40.0	-62.5
2026-06-24T19:08:37.971839	45.0	-64.0
2026-06-24T19:08:47.350642	130.0	-85.0
2026-06-24T19:08:47.350722	144.0	-85.0
2026-06-24T19:08:47.350766	147.0	-82.5
2026-06-24T19:08:47.350817	147.0	-82.5
2026-06-24T19:08:47.350862	130.0	-85.5
2026-06-24T19:08:47.350905	190.0	-85.5
2026-06-24T19:08:47.350949	139.0	-85.0
2026-06-24T19:08:47.350990	201.0	-86.0
2026-06-24T19:08:47.351029	180.0	-88.0
2026-06-24T19:08:47.351069	214.0	-87.0
2026-06-24T19:08:56.105950	162.0	-88.0
2026-06-24T19:08:56.106012	193.0	-87.0
2026-06-24T19:08:56.106046	149.0	-86.5
2026-06-24T19:08:56.106082	161.0	-85.5
2026-06-24T19:08:56.106111	257.0	-85.0
2026-06-24T19:08:56.106138	169.0	-87.0
2026-06-24T19:08:56.106165	237.0	-87.5
2026-06-24T19:08:56.106192	176.0	-86.0
2026-06-24T19:08:56.106220	179.0	-85.0
2026-06-24T19:08:56.106246	183.0	-85.0
2026-06-24T19:08:56.106272	197.0	-86.0
2026-06-24T19:08:56.106300	180.0	-86.5
2026-06-24T19:09:05.250403	205.0	-87.0
2026-06-24T19:09:05.250530	185.0	-85.0
2026-06-24T19:09:05.250617	181.0	-86.0
2026-06-24T19:09:05.250694	204.0	-86.5
2026-06-24T19:09:05.250811	217.0	-88.0
2026-06-24T19:09:05.250885	184.0	-85.0
2026-06-24T19:09:05.250956	186.0	-85.0
2026-06-24T19:09:05.251026	209.0	-83.0
2026-06-24T19:09:05.251095	205.0	-84.0
2026-06-24T19:09:05.251164	234.0	-85.0
2026-06-24T19:09:05.251233	238.0	-85.0
2026-06-24T19:09:05.251305	270.0	-85.0
2026-06-24T19:09:14.223231	197.0	-84.5
2026-06-24T19:09:14.223300	183.0	-88.0
2026-06-24T19:09:14.223333	195.0	-87.0
2026-06-24T19:09:14.223363	198.0	-88.0
2026-06-24T19:09:14.223390	218.0	-85.0
2026-06-24T19:09:14.223418	189.0	-86.5
2026-06-24T19:09:14.223446	176.0	-87.5
2026-06-24T19:09:14.223475	164.0	-87.5
2026-06-24T19:09:14.223502	153.0	-88.0
2026-06-24T19:09:14.223576	199.0	-85.0
2026-06-24T19:09:14.223607	165.0	-90.0
2026-06-24T19:09:14.223634	204.0	-85.0
2026-06-24T19:09:23.351922	72.0	-69.0
2026-06-24T19:09:23.352043	61.0	-67.5
2026-06-24T19:09:23.352137	59.0	-69.5
2026-06-24T19:09:23.352212	57.0	-66.0
2026-06-24T19:09:23.352281	59.0	-64.5
2026-06-24T19:09:23.352355	61.0	-64.0
2026-06-24T19:09:23.352422	61.0	-65.0
2026-06-24T19:09:23.352491	72.0	-68.0
2026-06-24T19:09:23.352558	65.0	-70.5
2026-06-24T19:09:23.352629	71.0	-72.0
2026-06-24T19:09:23.352696	70.0	-72.0
2026-06-24T19:09:23.352765	55.0	-71.5
2026-06-24T19:09:32.391334	60.0	-67.5
2026-06-24T19:09:32.391465	70.0	-64.5
2026-06-24T19:09:32.391626	62.0	-65.5
2026-06-24T19:09:32.391705	57.0	-64.5
2026-06-24T19:09:32.391779	59.0	-60.5
2026-06-24T19:09:32.391849	65.0	-62.5
2026-06-24T19:09:32.391920	62.0	-66.5
2026-06-24T19:09:32.391989	70.0	-69.5
2026-06-24T19:09:32.392057	69.0	-70.5
2026-06-24T19:09:32.392127	73.0	-70.0
2026-06-24T19:09:32.392194	62.0	-69.0
2026-06-24T19:09:32.392258	57.0	-72.5
2026-06-24T19:09:41.339732	70.0	-67.5
2026-06-24T19:09:41.339801	64.0	-64.0
2026-06-24T19:09:41.339834	67.0	-65.5
2026-06-24T19:09:41.339865	76.0	-67.0
2026-06-24T19:09:41.339893	69.0	-68.0
2026-06-24T19:09:41.339920	71.0	-66.5
2026-06-24T19:09:41.339948	62.0	-66.0
2026-06-24T19:09:41.339975	71.0	-65.5
2026-06-24T19:09:41.340002	69.0	-67.5
2026-06-24T19:09:41.340030	67.0	-68.5
2026-06-24T19:09:41.340057	64.0	-68.0
2026-06-24T19:09:41.340083	61.0	-68.0
2026-06-24T19:09:50.412048	74.0	-64.5
2026-06-24T19:09:50.412181	70.0	-65.0
2026-06-24T19:09:50.412266	71.0	-64.5
2026-06-24T19:09:50.412341	71.0	-64.5
2026-06-24T19:09:50.412415	71.0	-65.0
2026-06-24T19:09:50.412483	71.0	-65.5
2026-06-24T19:09:50.412552	66.0	-65.0
2026-06-24T19:09:50.412619	70.0	-64.5
2026-06-24T19:09:50.412690	66.0	-65.0
2026-06-24T19:09:50.412759	72.0	-67.5
2026-06-24T19:09:50.412827	71.0	-65.5
2026-06-24T19:09:50.412897	65.0	-65.5
2026-06-24T19:09:59.392246	200.0	-86.0
2026-06-24T19:09:59.392308	195.0	-87.5
2026-06-24T19:09:59.392348	228.0	-88.0
2026-06-24T19:09:59.392378	200.0	-89.5
2026-06-24T19:09:59.392407	168.0	-86.5
2026-06-24T19:09:59.392436	181.0	-86.5
2026-06-24T19:09:59.392465	180.0	-85.5
2026-06-24T19:09:59.392494	171.0	-84.0
2026-06-24T19:09:59.392521	160.0	-85.0
2026-06-24T19:09:59.392547	198.0	-84.5
2026-06-24T19:09:59.392575	199.0	-84.0
2026-06-24T19:09:59.392601	176.0	-86.0
2026-06-24T19:10:08.481848	216.0	-87.5
2026-06-24T19:10:08.481917	219.0	-85.5
2026-06-24T19:10:08.481952	221.0	-86.0
2026-06-24T19:10:08.481981	149.0	-86.0
2026-06-24T19:10:08.482008	221.0	-85.0
2026-06-24T19:10:08.482035	203.0	-85.5
2026-06-24T19:10:08.482063	200.0	-85.5
2026-06-24T19:10:08.482092	172.0	-86.5
2026-06-24T19:10:08.482120	186.0	-85.5
2026-06-24T19:10:08.482148	200.0	-86.0
2026-06-24T19:10:08.482175	175.0	-86.5
2026-06-24T19:10:08.482203	152.0	-84.5
2026-06-24T19:10:17.452710	189.0	-84.5
2026-06-24T19:10:17.452782	174.0	-86.0
2026-06-24T19:10:17.452812	225.0	-84.5
2026-06-24T19:10:17.452843	234.0	-84.0
2026-06-24T19:10:17.452871	245.0	-85.0
2026-06-24T19:10:17.452899	187.0	-86.0
2026-06-24T19:10:17.452927	190.0	-86.0
2026-06-24T19:10:17.452954	194.0	-86.5
2026-06-24T19:10:17.452982	192.0	-87.0
2026-06-24T19:10:17.453009	192.0	-86.0
2026-06-24T19:10:17.453038	226.0	-85.0
2026-06-24T19:10:26.522989	172.0	-88.5
2026-06-24T19:10:26.523059	198.0	-87.5
2026-06-24T19:10:26.523091	199.0	-88.0
2026-06-24T19:10:26.523121	211.0	-88.0
2026-06-24T19:10:26.523149	193.0	-88.5
2026-06-24T19:10:26.523178	195.0	-88.0
2026-06-24T19:10:26.523205	196.0	-88.0
2026-06-24T19:10:26.523233	199.0	-88.0
2026-06-24T19:10:26.523260	205.0	-87.0
2026-06-24T19:10:26.523286	197.0	-86.5
2026-06-24T19:10:26.523313	212.0	-86.0
2026-06-24T19:10:35.609544	140.0	-88.0
2026-06-24T19:10:35.609640	185.0	-89.0
2026-06-24T19:10:35.609702	149.0	-86.0
2026-06-24T19:10:35.609756	227.0	-86.5
2026-06-24T19:10:35.609819	245.0	-89.0
2026-06-24T19:10:35.609871	126.0	-87.0
2026-06-24T19:10:35.609921	123.0	-80.0
2026-06-24T19:10:35.609972	168.0	-76.0
2026-06-24T19:10:35.610023	126.0	-74.0
2026-06-24T19:10:35.610075	104.0	-76.0
2026-06-24T19:10:35.610124	105.0	-76.0
2026-06-24T19:10:35.610174	77.0	-71.0
2026-06-24T19:10:44.602631	57.0	-69.0
2026-06-24T19:10:44.602692	77.0	-72.0
2026-06-24T19:10:44.602725	77.0	-67.5
2026-06-24T19:10:44.602760	69.0	-67.5
2026-06-24T19:10:44.602790	67.0	-66.0
2026-06-24T19:10:44.602818	60.0	-70.5
2026-06-24T19:10:44.602846	68.0	-68.5
2026-06-24T19:10:44.602874	77.0	-67.0
2026-06-24T19:10:44.602901	74.0	-67.0
2026-06-24T19:10:44.602927	75.0	-70.0
2026-06-24T19:10:44.602953	71.0	-67.5
2026-06-24T19:10:44.602981	70.0	-70.0
2026-06-24T19:10:53.733718	67.0	-65.0
2026-06-24T19:10:53.733781	64.0	-64.5
2026-06-24T19:10:53.733822	60.0	-63.0
2026-06-24T19:10:53.733853	56.0	-63.5
2026-06-24T19:10:53.733882	63.0	-61.0
2026-06-24T19:10:53.733910	63.0	-62.0
2026-06-24T19:10:53.733937	60.0	-62.0
2026-06-24T19:10:53.733964	59.0	-60.5
2026-06-24T19:10:53.733992	60.0	-62.5
2026-06-24T19:10:53.734019	66.0	-62.0
2026-06-24T19:10:53.734046	61.0	-70.0
2026-06-24T19:10:53.734071	59.0	-70.0
2026-06-24T19:11:02.768587	69.0	-68.5
2026-06-24T19:11:02.768655	69.0	-66.0
2026-06-24T19:11:02.768688	59.0	-65.5
2026-06-24T19:11:02.768718	58.0	-64.0
2026-06-24T19:11:02.768746	54.0	-63.0
2026-06-24T19:11:02.768773	57.0	-63.5
2026-06-24T19:11:02.768802	57.0	-64.0
2026-06-24T19:11:02.768829	60.0	-65.0
2026-06-24T19:11:02.768857	63.0	-62.5
2026-06-24T19:11:02.768886	63.0	-67.5
2026-06-24T19:11:02.768915	65.0	-74.0
2026-06-24T19:11:02.768942	67.0	-73.5
2026-06-24T19:11:12.114965	136.0	-85.5
2026-06-24T19:11:12.115033	130.0	-85.0
2026-06-24T19:11:12.115063	148.0	-86.0
2026-06-24T19:11:12.115092	167.0	-85.5
2026-06-24T19:11:12.115122	221.0	-85.0
2026-06-24T19:11:12.115149	214.0	-85.0
2026-06-24T19:11:12.115177	174.0	-85.0
2026-06-24T19:11:12.115204	160.0	-88.0
2026-06-24T19:11:12.115231	123.0	-86.0
2026-06-24T19:11:12.115258	125.0	-86.0
2026-06-24T19:11:20.893024	169.0	-86.5
2026-06-24T19:11:20.893092	162.0	-85.0
2026-06-24T19:11:20.893125	124.0	-86.0
2026-06-24T19:11:20.893154	134.0	-85.5
2026-06-24T19:11:20.893184	148.0	-85.0
2026-06-24T19:11:20.893211	179.0	-85.0
2026-06-24T19:11:20.893239	163.0	-85.0
2026-06-24T19:11:20.893266	153.0	-85.0
2026-06-24T19:11:20.893292	137.0	-86.0
2026-06-24T19:11:20.893319	133.0	-88.0
2026-06-24T19:11:20.893345	126.0	-88.5
2026-06-24T19:11:20.893373	128.0	-89.0
2026-06-24T19:11:29.859154	71.0	-75.0
2026-06-24T19:11:29.859279	67.0	-73.0
2026-06-24T19:11:29.859354	76.0	-69.5
2026-06-24T19:11:29.859444	72.0	-66.5
2026-06-24T19:11:29.859517	64.0	-66.5
2026-06-24T19:11:29.859663	60.0	-66.0
2026-06-24T19:11:29.859735	63.0	-63.0
2026-06-24T19:11:29.859804	54.0	-66.5
2026-06-24T19:11:29.859874	51.0	-70.5
2026-06-24T19:11:29.859947	63.0	-70.0
2026-06-24T19:11:29.860014	68.0	-67.5
2026-06-24T19:11:29.860085	70.0	-65.5
2026-06-24T19:11:29.860154	60.0	-66.5
2026-06-24T19:11:38.961059	61.0	-70.5
2026-06-24T19:11:38.961193	60.0	-68.5
2026-06-24T19:11:38.961280	68.0	-68.5
2026-06-24T19:11:38.961356	68.0	-68.5
2026-06-24T19:11:38.961429	70.0	-69.0
2026-06-24T19:11:38.961500	73.0	-68.5
2026-06-24T19:11:38.961572	77.0	-67.5
2026-06-24T19:11:38.961643	72.0	-70.0
2026-06-24T19:11:38.961711	75.0	-70.5
2026-06-24T19:11:38.961781	75.0	-70.5
2026-06-24T19:11:38.961852	75.0	-69.5
2026-06-24T19:11:38.961922	73.0	-66.0
2026-06-24T19:11:47.944949	60.0	-63.0
2026-06-24T19:11:47.945011	62.0	-63.5
2026-06-24T19:11:47.945050	69.0	-64.5
2026-06-24T19:11:47.945081	67.0	-65.0
2026-06-24T19:11:47.945109	63.0	-64.5
2026-06-24T19:11:47.945138	68.0	-65.5
2026-06-24T19:11:47.945166	61.0	-64.0
2026-06-24T19:11:47.945194	57.0	-64.0
2026-06-24T19:11:47.945220	48.0	-65.0
2026-06-24T19:11:47.945248	51.0	-67.0
2026-06-24T19:11:47.945274	65.0	-65.5
2026-06-24T19:11:47.945301	65.0	-65.0
2026-06-24T19:11:56.989100	59.0	-65.5
2026-06-24T19:11:56.989171	64.0	-64.5
2026-06-24T19:11:56.989203	63.0	-65.0
2026-06-24T19:11:56.989233	61.0	-65.0
2026-06-24T19:11:56.989260	56.0	-66.0
2026-06-24T19:11:56.989287	62.0	-65.5
2026-06-24T19:11:56.989315	61.0	-65.0
2026-06-24T19:11:56.989342	64.0	-65.0
2026-06-24T19:11:56.989369	62.0	-64.5
2026-06-24T19:11:56.989397	65.0	-65.0
2026-06-24T19:11:56.989424	55.0	-64.0
2026-06-24T19:12:06.052893	119.0	-86.0
2026-06-24T19:12:06.052955	180.0	-89.0
2026-06-24T19:12:06.052988	145.0	-85.0
2026-06-24T19:12:06.053018	206.0	-86.0
2026-06-24T19:12:06.053046	214.0	-83.5
2026-06-24T19:12:06.053080	185.0	-84.0
2026-06-24T19:12:06.053106	189.0	-83.5
2026-06-24T19:12:06.053134	207.0	-86.5
2026-06-24T19:12:06.053162	160.0	-86.5
2026-06-24T19:12:06.053191	256.0	-87.0
2026-06-24T19:12:06.053218	231.0	-86.5
2026-06-24T19:12:06.053245	219.0	-87.5
2026-06-24T19:12:15.199860	128.0	-80.5
2026-06-24T19:12:15.199991	125.0	-72.5
2026-06-24T19:12:15.200078	114.0	-73.0
2026-06-24T19:12:15.200150	87.0	-79.0
2026-06-24T19:12:15.200227	74.0	-71.0
2026-06-24T19:12:15.200295	74.0	-66.0
2026-06-24T19:12:15.200364	69.0	-67.0
2026-06-24T19:12:15.200430	64.0	-65.5
2026-06-24T19:12:15.200499	64.0	-64.5
2026-06-24T19:12:15.200568	58.0	-65.5
2026-06-24T19:12:15.200639	53.0	-71.5
2026-06-24T19:12:24.176098	60.0	-66.5
2026-06-24T19:12:24.176166	68.0	-66.5
2026-06-24T19:12:24.176201	68.0	-66.5
2026-06-24T19:12:24.176231	70.0	-65.0
2026-06-24T19:12:24.176259	71.0	-65.5
2026-06-24T19:12:24.176287	68.0	-67.0
2026-06-24T19:12:24.176314	65.0	-67.5
2026-06-24T19:12:24.176341	69.0	-64.5
2026-06-24T19:12:24.176369	72.0	-65.5
2026-06-24T19:12:24.176397	65.0	-65.5
2026-06-24T19:12:24.176425	60.0	-68.5
2026-06-24T19:12:24.176453	64.0	-66.0
2026-06-24T19:12:33.186360	133.0	-75.0
2026-06-24T19:12:33.186422	113.0	-77.5
2026-06-24T19:12:33.186462	114.0	-72.0
2026-06-24T19:12:33.186491	114.0	-69.5
2026-06-24T19:12:33.186520	114.0	-68.5
2026-06-24T19:12:33.186549	109.0	-71.5
2026-06-24T19:12:33.186578	97.0	-70.5
2026-06-24T19:12:33.186606	102.0	-69.0
2026-06-24T19:12:33.186633	107.0	-71.0
2026-06-24T19:12:33.186660	111.0	-68.0
2026-06-24T19:12:33.186686	112.0	-68.5
2026-06-24T19:12:33.186714	110.0	-72.5
